1,09-10-2022,12:31 PM,7:45 AM,04:25,viverra
2,06-04-2022,2:08 PM,2:29 AM,18:47,elementum
3,13-03-2022,10:06 AM,12:09 AM,08:30,amet
4,30-03-2022,7:29 PM,5:10 AM,19:36,ligula
5,07-05-2022,1:45 PM,6:06 PM,10:53,varius integer
6,21-02-2022,4:48 PM,9:00 AM,14:36,quis augue
7,26-03-2022,12:00 AM,1:33 PM,00:10,ut
8,18-05-2022,6:08 AM,4:21 PM,10:55,justo
9,07-12-2021,12:37 PM,1:54 PM,21:41,ultricies
10,17-05-2022,11:31 PM,10:29 PM,18:15,nullam
11,19-09-2022,3:32 PM,9:19 PM,05:03,viverra
12,05-02-2022,12:46 AM,5:13 PM,22:56,suspendisse accumsan
13,22-11-2021,10:42 AM,7:03 PM,15:28,quam fringilla rhoncus
14,13-05-2022,3:47 PM,5:35 PM,22:03,nulla
15,15-03-2022,2:48 AM,10:56 PM,02:23,nulla ac enim
16,03-05-2022,1:13 PM,3:34 AM,06:29,vel
17,30-09-2022,3:26 AM,1:58 AM,12:53,in
18,28-10-2022,8:02 AM,11:04 PM,06:42,morbi non lectus
19,24-12-2021,3:36 PM,1:10 PM,23:46,porttitor
20,27-05-2022,4:31 PM,4:04 AM,00:34,posuere cubilia
21,26-01-2022,10:34 AM,6:05 PM,14:53,donec diam
22,21-06-2022,9:25 AM,1:53 AM,13:39,ante
23,17-10-2022,10:46 PM,12:40 AM,03:52,ac nibh
24,05-09-2022,9:45 AM,12:59 PM,16:32,justo sit
25,13-04-2022,11:33 AM,7:07 PM,22:24,sem fusce
26,27-11-2021,3:12 AM,6:16 PM,00:43,ultrices
27,25-01-2022,3:51 PM,10:03 AM,20:11,luctus ultricies
28,20-11-2021,2:39 AM,8:40 AM,20:13,elementum in
29,12-04-2022,10:58 AM,6:04 PM,18:03,et magnis dis
30,06-05-2022,6:41 AM,11:46 AM,21:17,vel nulla eget
31,11-01-2022,7:04 AM,4:37 AM,22:07,primis
32,06-09-2022,9:29 PM,8:51 PM,23:13,eros
33,09-03-2022,2:28 AM,9:45 AM,12:10,vestibulum ante ipsum
34,30-01-2022,1:22 AM,8:13 PM,19:11,platea dictumst maecenas
35,07-10-2022,8:26 AM,10:42 PM,04:36,at nibh
36,31-05-2022,8:22 AM,11:54 PM,15:25,amet consectetuer adipiscing
37,18-05-2022,2:15 AM,1:23 PM,21:57,non
38,04-04-2022,2:11 PM,11:35 PM,05:26,molestie hendrerit at
39,20-02-2022,9:26 AM,7:52 AM,20:24,nam
40,21-11-2021,4:04 PM,2:06 PM,07:47,lacinia aenean
41,10-08-2022,9:43 AM,12:33 PM,01:21,porttitor lorem id
42,16-08-2022,12:47 AM,2:23 AM,04:03,nibh quisque
43,16-12-2021,7:16 AM,12:30 AM,20:44,posuere
44,12-01-2022,3:16 AM,4:48 PM,03:39,adipiscing molestie
45,12-11-2022,4:22 AM,3:20 PM,02:46,non quam
46,12-05-2022,4:36 PM,5:00 PM,03:16,vivamus tortor
47,14-02-2022,12:36 PM,2:16 AM,23:18,fermentum donec
48,26-05-2022,4:46 AM,1:42 PM,22:29,natoque penatibus et
49,06-07-2022,2:01 AM,11:12 PM,21:40,morbi non lectus
50,01-11-2022,1:22 PM,3:27 AM,16:19,feugiat non pretium
51,17-11-2021,11:40 PM,5:59 AM,14:11,etiam faucibus cursus
52,27-07-2022,11:07 PM,3:55 PM,06:02,eros
53,06-09-2022,8:56 PM,8:59 AM,13:13,vulputate luctus cum
54,03-11-2022,4:25 PM,7:14 PM,00:14,arcu libero rutrum
55,15-01-2022,2:00 PM,2:20 PM,21:13,mauris lacinia sapien
