"41","1"
"42","2"
"43","3"
"44","4"
"45","5"
"46","6"
"47","7"
"48","8"
"49","9"
"50","10"
"51","11"
"52","12"
"53","13"
"54","14"
"55","15"
"56","16"
"57","17"
"58","18"
"59","19"
"60","20"
"41","21"
"42","22"
"43","23"
"44","24"
"45","25"
"46","26"
"47","27"
"48","28"
"49","29"
"50","30"
"51","31"
"52","32"
"53","33"
"54","34"
"55","35"
"56","36"
"57","37"
"58","38"
"59","39"
"60","40"
"41","41"
"42","42"
"43","43"
"44","44"
"45","45"
"46","46"
"47","47"
"48","48"
"49","49"
"50","50"
"51","51"
"52","52"
"53","53"
"54","54"
"55","55"
