1,Farra,fsoutherns0@salon.com,1jgd2db,11-08-1991,16,5703883324
2,Nari,nmordue1@blogger.com,fBu2jjypXe,11-05-1980,32,1548191410
3,Roxane,rcheley2@mediafire.com,m3oh6DyrIZ,22-08-1993,20,6464334980
4,Milton,mjadczak3@ihg.com,Wd5CpRP0MPry,26-03-1988,28,4294759517
5,Karlene,kbristowe4@noaa.gov,z6Q2v7bRZA2,27-03-1988,15,3384891740
6,Jerrilee,jcarradice5@freewebs.com,68pQqB,28-03-1988,18,1126103670
7,Delmer,desser6@usda.gov,YdxhlG,29-03-1988,31,4051151849
8,Trueman,titschakov7@comsenz.com,sHKfNLQT37OX,30-03-1988,25,6336964254
9,Dom,durridge8@about.me,pBDpT7oY9,31-03-1988,31,3199593237
10,Dreddy,dalfwy9@tiny.cc,gFlLKFb,01-04-1988,27,6902129590
11,Haroun,hondricha@cornell.edu,I0NmtPBmDG,02-04-1988,36,8665420689
12,Maxine,mgroddenb@creativecommons.org,G8ERep,03-04-1988,25,7192889673
13,Miguela,maguirrezabalc@buzzfeed.com,kux26xr7PDB,04-04-1988,25,7247132728
14,Mathias,mdefraind@berkeley.edu,2FjUw9iVTR2y,05-04-1988,20,3356986871
15,Kriste,kbantone@gravatar.com,euJOsf,06-04-1988,35,6563021742
16,Nels,neverissf@fda.gov,jD675rlD,07-04-1988,40,6001851090
17,Bibbye,bjosephyg@cyberchimps.com,rdO46TC4gg,08-04-1988,35,3729895086
18,Danielle,doherlihyh@dyndns.org,TR19VbT,09-04-1988,36,3082464114
19,Redd,rdowdelli@bing.com,trgS8ob,10-04-1988,14,9408192359
20,Kathe,kelderedj@indiatimes.com,74S6l6U,11-04-1988,15,5733663419
21,Cassy,cebbettsk@amazon.co.uk,8P1fgL4ECrc,12-04-1988,15,5007821914
22,Cleopatra,chaburnel@go.com,ULdqWv,13-04-1988,20,2612511288
23,Tracie,tbruynsm@addthis.com,xV7IXJWQ,14-04-1988,24,5903831544
24,Connor,ceggersn@pcworld.com,959QCg9,15-04-1988,18,8523957617
25,Ole,ocornuauo@aol.com,slAh9g92,16-04-1988,22,8508410619
26,Luce,lmooringp@zdnet.com,qe3uM89Z,17-04-1988,31,9646097413
27,Korella,kandriq@furl.net,vvy0ovrZwQob,18-04-1988,25,2289110389
28,Shel,snannettir@chron.com,f6kPGd2,19-04-1988,23,8014172369
29,Matias,mduigenans@howstuffworks.com,tJDJU22XiI,20-04-1988,30,5405458592
30,Madonna,mleipoldtt@a8.net,6qhp0Sgw0r,21-04-1988,13,5254191551
31,Gage,gspurdensu@japanpost.jp,YRifKZAi3q,22-04-1988,27,1047900298
32,Joane,jgaryv@jugem.jp,dOEzIuqrPn,23-04-1988,20,2027366160
33,Lanny,ltabourw@usnews.com,7gQP27kk,24-04-1988,17,2227396935
34,Ruby,rwonhamx@google.com.au,WuBM3sc00,25-04-1988,39,4349198521
35,Gwenni,gprozilloy@addthis.com,5lc4SJ,26-04-1988,39,6977222635
36,Fidela,flesmondez@so-net.ne.jp,h2N52i80m,27-04-1988,31,2212466687
37,Genvieve,gferminger10@businesswire.com,WofO8meetcK,28-04-1988,21,6178703051
38,Julius,jcrannage11@disqus.com,IiR4h4,29-04-1988,19,6016098774
39,Gussi,gtomczak12@hc360.com,Sxdpwv,30-04-1988,12,6567779662
40,Newton,ngrundell13@rakuten.co.jp,46dZsx,01-05-1988,28,3935135416
41,Celestia,cwilmut14@wordpress.com,pjQitUNhw,02-05-1988,36,9145700856
42,Caralie,ccoombs15@php.net,5AAxSVBOUHs,03-05-1988,22,3567666058
43,Montague,msaphin16@economist.com,RSeop3n,04-05-1988,21,6635781968
44,Alric,asillick17@edublogs.org,pjGEG7T7Hhn,05-05-1988,13,8725172467
45,Emmott,ebortoli18@patch.com,914jJlkXse5p,06-05-1988,36,2867507154
46,Geneva,gmanley19@odnoklassniki.ru,aUftH5,07-05-1988,40,4788716299
47,Waly,wteligin1a@surveymonkey.com,b1YgCEG,08-05-1988,39,7753419957
48,Silvano,smacgorley1b@answers.com,RKNTT1uFvtLZ,09-05-1988,25,5314771768
49,Sherie,snassau1c@biblegateway.com,K18onn5vt2,10-05-1988,38,6216339135
50,Lu,lhayesman1d@lycos.com,qMN5hDuN,11-05-1988,17,4562917691
51,Daveta,dcota1e@blogspot.com,xgEge0wABhu,12-05-1988,31,3016607734
52,Aubrette,achallicum1f@webmd.com,p9HQxrsEZr,13-05-1988,16,3555879372
53,Jammie,jcazereau1g@google.de,OcIf7EegUl,14-05-1988,26,7199735462
54,Bill,bnipper1h@admin.ch,l3MmVZT5,15-05-1988,26,6992024252
55,May,mcauldfield1i@upenn.edu,9EQXLx,16-05-1988,10,6128751486
56,Kylen,ksharp1j@fc2.com,qwAcEmVRSS,17-05-1988,36,6966371531
57,Claus,crafter1k@go.com,atFGu8sm6f5t,18-05-1988,21,1932647921
58,Hardy,hgirodon1l@mediafire.com,Gr0MT6QhH,19-05-1988,12,8831275224
59,Artur,aruf1m@slate.com,CSV4hO6JtI,20-05-1988,19,9274220235
60,Lyndsie,lcollick1n@amazon.co.uk,MxgFcDy5BT,21-05-1988,31,9541490804
